id,title,slug,image,chamada,text,arquivo,created_at,updated_at
1,Iupi School,iupi-school,uploads/escolar.jpeg,"Se voc√™ n√£o quer fazer uma festa grande, a op√ß√£o perfeita √© o pacote Iupi School!
Ela acontece no contra per√≠odo escolar! Portanto, dispensa ter de chamar a fam√≠lia toda, pois √© uma festa para o aniversariante e seus coleguinhas üòÉ‚ùó
 Nela, a anfitri√£ √© a crian√ßa! Al√©m de ser uma op√ß√£o bem econ√¥mica para os pais! üòâ","<ul class=""list-reset"">
    <li class=""mb-8"">
        <h3 class=""ps-b text-purple"">Card√°pio (Lanchinhos servidos √† vontade):</h3>
        <hr class=""md:opacity-0"">
        <ul class=""list-reset"">
            <li><h3 class=""ps-b text-blue"">Bebidas:</h3> √Ågua mineral sem g√°s, suco regional (cupua√ßu, acerola, goiaba, caju, graviola ou abacaxi) 2 op√ß√µes, refrigerantes.</li>
            <li><h3 class=""ps-b text-green"">Lanchonete IUPI:</h3> (Pipoca, mini pizza, mini hot dog, mini hamburguinho, crepe, algod√£o doce e sorvete).</li>
        </ul>
    </li>
    <li class=""mb-8"">
        <h3 class=""ps-b text-indigo"">Equipe:</h3>
        <hr class=""md:opacity-0"">
        <div class=""flex flex-wrap"">
            <div class=""w-1/2"">
                <ul class=""list-reset pr-5 md:pr-0"">
                    <li class=""ps-b mb-1 text-pink-light"">Gerente de festa</li>
                    <li class=""ps-b mb-1 text-blue-light"">Cozinheira</li>
                    <li class=""ps-b mb-1 text-pink-light"">Auxiliar de cozinha</li>
                    <li class=""ps-b mb-1 text-blue-light"">Atendentes de mesas</li>
                </ul>
            </div>
            <div class=""w-1/2 border-l pl-5 md:border-none md:pl-0"">
                <ul class=""list-reset"">
                    <li class=""ps-b mb-1 text-pink-light"">Monitores de recrea√ß√£o</li>
                    <li class=""ps-b mb-1 text-blue-light"">Recepcionista</li>
                    <li class=""ps-b mb-1 text-pink-light"">Seguran√ßa</li>
                    <li class=""ps-b mb-1 text-blue-light"">Auxiliar de limpeza</li>
                </ul>
            </div>
        </div>
    </li>
    <li class=""mb-8"">
        <h3 class=""ps-b text-aqua-light"">Condi√ß√µes:</h3>
        <hr class=""md:opacity-0"">
        <ul class=""list-reset"">
            <li class=""ps-b mb-2 text-blue"">Festa com 04 horas de dura√ß√£o e mais 30 minutos de toler√¢ncia.</li>
            <li class=""ps-b mb-2 text-pink"">Pacote m√≠nimo para 30 convidados.</li>
            <li class=""ps-b mb-2 text-green"">Ambiente climatizado com ar-condicionado.</li>
            <li class=""ps-b mb-2 text-purple"">Capacidade para at√© 120 convidados, sendo acomoda√ß√£o para 100 convidados sentados.</li>
            <li class=""ps-b mb-2 text-red"">Pacote realizado somente de 2¬™ a 5¬™ feira.</li>
        </ul>
    </li>
</ul>",uploads/escolar.jpeg,2019-06-06 16:19:00,2019-07-11 02:53:03
2,Super Iupi,super-iupi,uploads/AdobeStock_198226276_Preview.jpeg,"Se voc√™ procura uma festa em formato de coquetel, esta √© a nossa melhor oferta para voc√™! Neste pacote, nosso buffet conta com bebidas, salgadinhos e nossa lanchonete Iupi √† vontade! Al√©m do nosso incr√≠vel menu degusta√ß√£o üòãSe voc√™ deseja um coquetel que agrade adultos e baixinhos, acertou em cheio ü§©","<ul class=""list-reset"">
    <li class=""mb-8"">
        <h3 class=""ps-b text-purple"">Card√°pio (Lanchinhos servidos √† vontade):</h3>
        <hr class=""md:opacity-0"">
        <ul class=""list-reset"">
            <li><h3 class=""ps-b text-blue"">Bebidas</h3> √Ågua mineral sem g√°s, suco regional (cupua√ßu, acerola, goiaba, caju, graviola ou abacaxi) 2 op√ß√µes, refrigerantes.</li>
            <li><h3 class=""ps-b text-green"">Lanchonete Iupi</h3> Pipoca, mini pizza, mini hot dog, mini hamburguinho, crepe, algod√£o doce e sorvete.</li>
        </ul>
    </li>
    <li class=""mb-8"">
        <h3 class=""ps-b text-red"">Menu Degusta√ß√£o</h3>
        <hr class=""md:opacity-0"">
        <ul class=""list-reset"">
            <li>
                <h3 class=""ps-b mt-3 mb-1 text-blue"">Festival de Pizza:</h3>
                <span>Salgada:</span>
                <ul>
                    <li>Calabresa</li>
                    <li>Quatro queijos</li>
                    <li>Frango com Catupiry</li>
                    <li>Portuguesa</li>
                </ul>
                <span>Doce:</span>
                <ul>
                    <li>Romeu e Julieta</li>
                    <li>Brigadeiro</li>
                </ul>
            </li>
            <li><h3 class=""ps-b mt-3 mb-1 text-green"">Festival de Massa:</h3>
                <ul>
                    <li>Espaguete</li>
                    <li>Fetutine</li>
                    <li>Penne</li>
                </ul>
                <small><b>Molhos: </b>Ao sugo, Branco c/queijo e Bolonhesa.</small>
            </li>
        </ul>
    </li>
    <li class=""mb-8"">
        <h3 class=""ps-b text-indigo"">Equipe:</h3>
        <hr class=""md:opacity-0"">
        <div class=""flex flex-wrap"">
            <div class=""w-1/2"">
                <ul class=""list-reset pr-5 md:pr-0"">
                    <li class=""ps-b mb-1 text-pink-light"">Gerente de festa</li>
                    <li class=""ps-b mb-1 text-blue-light"">Cozinheira</li>
                    <li class=""ps-b mb-1 text-pink-light"">Auxiliar de cozinha</li>
                    <li class=""ps-b mb-1 text-blue-light"">Atendentes de mesas</li>
                </ul>
            </div>
            <div class=""w-1/2 border-l pl-5 md:border-none md:pl-0"">
                <ul class=""list-reset"">
                    <li class=""ps-b mb-1 text-pink-light"">Monitores de recrea√ß√£o</li>
                    <li class=""ps-b mb-1 text-blue-light"">Recepcionista</li>
                    <li class=""ps-b mb-1 text-pink-light"">Seguran√ßa</li>
                    <li class=""ps-b mb-1 text-blue-light"">Auxiliar de limpeza</li>
                </ul>
            </div>
        </div>
    </li>
    <li class=""mb-8"">
        <h3 class=""ps-b text-aqua-light"">Condi√ß√µes:</h3>
        <hr class=""md:opacity-0"">
        <ul class=""list-reset"">
            <li class=""ps-b mb-2 text-blue"">Festa com 04 horas de dura√ß√£o e mais 30 minutos de toler√¢ncia.</li>
            <li class=""ps-b mb-2 text-pink"">Pacote m√≠nimo para 50 convidados.</li>
            <li class=""ps-b mb-2 text-green"">Ambiente climatizado com ar-condicionado.</li>
            <li class=""ps-b mb-2 text-purple"">Capacidade para at√© 120 convidados, sendo acomoda√ß√£o para 100 convidados sentados.</li>
            <li class=""ps-b mb-2 text-red"">Pacote realizado somente de 2¬™ a 5¬™ feira.</li>
            <li class=""ps-b mb-2 text-orange"">Crian√ßas acima de 2 anos s√£o consideradas pagantes.</li>
        </ul>
    </li>
</ul>",uploads/AdobeStock_198226276_Preview.jpeg,2019-06-06 16:19:13,2019-07-11 20:33:03
3,Mega Iupi,mega-iupi,uploads/AdobeStock_158933242_Preview.jpeg,"Uma festa completa √© o que voc√™ procura? Se sim, esta √© a nossa melhor oferta para voc√™! Neste pacote, nosso buffet conta com bebidas, salgadinhos, lanchonete Iupi √† vontade; Entradas, pratos quentes e duas sobremesa servidos com muito requinte! Este pacote √© certeza de sucesso! üåü","<ul class=""list-reset"">    <li class=""mb-8"">        <h3 class=""ps-b text-purple"">Card√°pio (Lanchinhos servidos √† vontade):</h3>        <hr class=""md:opacity-0"">        <ul class=""list-reset"">            <li><h3 class=""ps-b text-blue"">Bebidas</h3> √Ågua mineral sem g√°s, suco regional (cupua√ßu, acerola, goiaba, caju, graviola ou abacaxi) 2 op√ß√µes, refrigerantes.</li>            <li><h3 class=""ps-b text-green"">Lanchonete Iupi</h3> Pipoca, mini pizza, mini hot dog, mini hamburguinho, crepe, algod√£o doce e sorvete.</li>        </ul>    </li>    <li class=""mb-8"">        <h3 class=""ps-b text-orange"">Mini Jantar</h3>        <hr class=""md:opacity-0"">        <ul style=""line-height: 2rem"">            <li class=""text-blue"">Escalopinho de mignon com molho t√°rtaro e arroz a piamontese com queijo</li>            <li class=""text-pink"">Cubinhos de mignon com arroz e batata frita</li>            <li class=""text-green"">Estrogonofe russo com p√°prica defumada e arroz com crispe de batata palha</li>            <li class=""text-purple"">Filhote assado enrolado com bacon e pur√™ cremoso de queijo</li>            <li class=""text-red"">Pescadinha grelhada com arroz cremoso de tucupi</li>            <li class=""text-orange"">Cubinhos de peixe empanado com creme de queijo e Pur√´</li>            <li class=""text-blue"">Camar√£o a proven√ßal com massa penne a jardineira</li>            <li class=""text-pink"">Nuguetes de frango ao molho de queijo com arroz cremoso</li>            <li class=""text-green"">Porquinho agridoce com farofinha crocante</li>            <li class=""text-purple"">Risotinho cremoso com queijo e filezinho</li>            <li class=""text-red"">Risotinho cremoso com queijo e camar√£o rosa</li>        </ul>    </li>    <li class=""mb-8"">        <h3 class=""ps-b text-red"">Sobremesa (Escolher 2 op√ß√µes)</h3>        <hr class=""md:opacity-0"">        <ul style=""line-height: 2rem"">            <li class=""text-blue"">Mousse de Frutas regionais</li>            <li class=""text-pink"">Folheado de doce de leite c/ castanha e sorvete</li>            <li class=""text-green"">Brownie com sorvete de creme</li>            <li class=""text-purple"">Ta√ßa HAPPY DAY</li>            <li class=""text-red"">Pav√™ de chocolate</li>            <li class=""text-orange"">Bombom na travessa</li>            <li class=""text-teal"">Brigadeiro na colher com confeitos</li>        </ul>    </li>    <li class=""mb-8"">        <h3 class=""ps-b text-indigo"">Equipe:</h3>        <hr class=""md:opacity-0"">        <div class=""flex flex-wrap"">            <div class=""w-1/2"">                <ul class=""list-reset pr-5 md:pr-0"">                    <li class=""ps-b mb-1 text-pink-light"">Gerente de festa</li>                    <li class=""ps-b mb-1 text-blue-light"">Cozinheira</li>                    <li class=""ps-b mb-1 text-pink-light"">Auxiliar de cozinha</li>                    <li class=""ps-b mb-1 text-blue-light"">Atendentes de mesas</li>                </ul>            </div>            <div class=""w-1/2 border-l pl-5 md:border-none md:pl-0"">                <ul class=""list-reset"">                    <li class=""ps-b mb-1 text-pink-light"">Monitores de recrea√ß√£o</li>                    <li class=""ps-b mb-1 text-blue-light"">Recepcionista</li>                    <li class=""ps-b mb-1 text-pink-light"">Seguran√ßa</li>                    <li class=""ps-b mb-1 text-blue-light"">Auxiliar de limpeza</li>                </ul>            </div>        </div>    </li>    <li class=""mb-8"">        <h3 class=""ps-b text-aqua-light"">Condi√ß√µes:</h3>        <hr class=""md:opacity-0"">        <ul class=""list-reset"">            <li class=""ps-b mb-2 text-blue"">Festa com 04 horas de dura√ß√£o e mais 30 minutos de toler√¢ncia.</li>            <li class=""ps-b mb-2 text-pink"">Pacote m√≠nimo para 50 convidados.</li>            <li class=""ps-b mb-2 text-green"">Ambiente climatizado com ar-condicionado.</li>            <li class=""ps-b mb-2 text-purple"">Capacidade para at√© 120 convidados, sendo acomoda√ß√£o para 100 convidados sentados.</li>            <li class=""ps-b mb-2 text-red"">Pacote realizado somente de 2¬™ a 5¬™ feira.</li>            <li class=""ps-b mb-2 text-orange"">Crian√ßas acima de 2 anos s√£o consideradas pagantes.</li>        </ul>    </li></ul>",uploads/AdobeStock_158933242_Preview.jpeg,2019-06-06 16:19:30,2019-07-11 21:41:13
5,Hiper Iupi,hiper-iupi,uploads/AdobeStock_198229286_Preview.jpeg,"Se voc√™ procura uma festa em formato de coquetel, esta √© a nossa melhor oferta para voc√™! Neste pacote, nosso buffet conta com bebidas, salgadinhos e nossa lanchonete Iupi √† vontade! Al√©m do nosso incr√≠vel menu degusta√ß√£o üòãSe voc√™ deseja um coquetel que agrade adultos e baixinhos, acertou em cheio ü§©","<ul class=""list-reset"">
    <li class=""mb-8"">
        <h3 class=""ps-b text-purple"">Card√°pio (Lanchinhos servidos √† vontade):</h3>
        <hr class=""md:opacity-0"">
        <ul class=""list-reset"">
            <li><h3 class=""ps-b text-blue"">Bebidas</h3> √Ågua mineral sem g√°s, suco regional (cupua√ßu, acerola, goiaba, caju, graviola ou abacaxi) 2 op√ß√µes, refrigerantes.</li>
            <li><h3 class=""ps-b text-green"">Lanchonete Iupi</h3> Pipoca, mini pizza, mini hot dog, mini hamburguinho, crepe, algod√£o doce e sorvete.</li>
        </ul>
    </li>
    <li class=""mb-8"">
        <h3 class=""ps-b text-orange"">Mini Jantar</h3>
        <hr class=""md:opacity-0"">
        <ul style=""line-height: 2rem"">
            <li class=""text-blue"">Escalopinho de mignon com molho t√°rtaro e arroz a piamontese com queijo</li>
            <li class=""text-pink"">Cubinhos de mignon com arroz e batata frita</li>
            <li class=""text-green"">Estrogonofe russo com p√°prica defumada e arroz com crispe de batata palha</li>
            <li class=""text-purple"">Filhote assado enrolado com bacon e pur√™ cremoso de queijo</li>
            <li class=""text-red"">Pescadinha grelhada com arroz cremoso de tucupi</li>
            <li class=""text-orange"">Cubinhos de peixe empanado com creme de queijo e Pur√´</li>
            <li class=""text-blue"">Camar√£o a proven√ßal com massa penne a jardineira</li>
            <li class=""text-pink"">Nuguetes de frango ao molho de queijo com arroz cremoso</li>
            <li class=""text-green"">Porquinho agridoce com farofinha crocante</li>
            <li class=""text-purple"">Risotinho cremoso com queijo e filezinho</li>
            <li class=""text-red"">Risotinho cremoso com queijo e camar√£o rosa</li>
        </ul>
    </li>
    <li class=""mb-8"">
        <h3 class=""ps-b text-red"">Sobremesa (Escolher 2 op√ß√µes)</h3>
        <hr class=""md:opacity-0"">
        <ul style=""line-height: 2rem"">
            <li class=""text-blue"">Mousse de Frutas regionais</li>
            <li class=""text-pink"">Folheado de doce de leite c/ castanha e sorvete</li>
            <li class=""text-green"">Brownie com sorvete de creme</li>
            <li class=""text-purple"">Ta√ßa HAPPY DAY</li>
            <li class=""text-red"">Pav√™ de chocolate</li>
            <li class=""text-orange"">Bombom na travessa</li>
            <li class=""text-teal"">Brigadeiro na colher com confeitos</li>
        </ul>
    </li>
    <li class=""mb-8"">
        <h3 class=""ps-b text-indigo"">Equipe:</h3>
        <hr class=""md:opacity-0"">
        <div class=""flex flex-wrap"">
            <div class=""w-1/2"">
                <ul class=""list-reset pr-5 md:pr-0"">
                    <li class=""ps-b mb-1 text-pink-light"">Gerente de festa</li>
                    <li class=""ps-b mb-1 text-blue-light"">Cozinheira</li>
                    <li class=""ps-b mb-1 text-pink-light"">Auxiliar de cozinha</li>
                    <li class=""ps-b mb-1 text-blue-light"">Atendentes de mesas</li>
                </ul>
            </div>
            <div class=""w-1/2 border-l pl-5 md:border-none md:pl-0"">
                <ul class=""list-reset"">
                    <li class=""ps-b mb-1 text-pink-light"">Monitores de recrea√ß√£o</li>
                    <li class=""ps-b mb-1 text-blue-light"">Recepcionista</li>
                    <li class=""ps-b mb-1 text-pink-light"">Seguran√ßa</li>
                    <li class=""ps-b mb-1 text-blue-light"">Auxiliar de limpeza</li>
                </ul>
            </div>
        </div>
    </li>
    <li class=""mb-8"">
        <h3 class=""ps-b text-aqua-light"">Condi√ß√µes:</h3>
        <hr class=""md:opacity-0"">
        <ul class=""list-reset"">
            <li class=""ps-b mb-2 text-blue"">Festa com 04 horas de dura√ß√£o e mais 30 minutos de toler√¢ncia.</li>
            <li class=""ps-b mb-2 text-pink"">Pacote m√≠nimo para 50 convidados.</li>
            <li class=""ps-b mb-2 text-green"">Ambiente climatizado com ar-condicionado.</li>
            <li class=""ps-b mb-2 text-purple"">Capacidade para at√© 120 convidados, sendo acomoda√ß√£o para 100 convidados sentados.</li>
            <li class=""ps-b mb-2 text-red"">Pacote realizado somente de 2¬™ a 5¬™ feira.</li>
            <li class=""ps-b mb-2 text-orange"">Crian√ßas acima de 2 anos s√£o consideradas pagantes.</li>
        </ul>
    </li>
</ul>",uploads/AdobeStock_198229286_Preview.jpeg,2019-07-06 17:36:11,2019-07-11 21:02:01
